"","Braunschweig","epiforecasts","ETHZ_sliding_window","globalrt_7d","ilmenau","RKI_7day","rtlive","SDSC"
"Monday",0,0,0,0,0,0,0,0
"Tuesday",0.0314662553668068,-0.0119095954254373,0.0238441032625465,-0.0273576320390228,-0.0133144822866432,-0.0207368907877204,0.0269113334842607,0.000177799206938223
"Wednesday",0.0845922802290748,-0.087248342136138,0.0496913928530281,-0.0469958047275184,-0.00571816805770761,-0.0260597528436368,-0.0182909293494804,0.000318097048735265
"Thursday",0.0114196538445015,-0.0304534321183709,0.0295210781418316,-0.0580990818833781,0.000400718027573331,-0.0159835092856767,-0.0463654586219449,4.23345917618031e-06
"Friday",-0.00654023635051455,-0.0189705206811248,-0.0448094905645292,-0.019795340043403,0.0269276855404434,0.00242399557167918,-0.051873357908734,-0.000291908850903217
"Saturday",0.0145080613424253,0.00830495608133133,-0.0804259175762392,1.14316929213076e-05,0.0130096561392332,0.0132474053690047,-0.0714180400644157,0.00531555278435343
"Sunday",0.105361964930083,0.0123442205657259,-0.0387662432082981,-0.00148235254730311,0.00457935788522863,0.0123458275417873,-0.0747012148670916,0.00375900959459622
